student_id	student_name	program_type	historical_enrollment	gpa	attendance_rate	family_income	age	gender	enrollment_status	support_need
S0001	Linda Atieno	Commerce	0	3.26	58.7	51781	25	Male	0	0
S0002	Chris Lagat	Science	0	2.52	92.8	33652	29	Male	0	1
S0003	Linda Atieno	Commerce	0	3.27	61.4	25103	29	Female	0	1
S0004	Emily Davis	Commerce	0	3.08	91.9	45500	28	Male	1	1
S0005	Sarah Jackson	Science	1	3.56	64	55529	18	Female	1	0
S0006	David Ombuna	Science	0	2.21	82.1	38452	18	Male	0	0
S0007	Robert Carlos	Commerce	1	3.52	84.7	69393	25	Male	1	0
S0008	Daniel Jackson	Arts	1	3.08	75.6	51174	21	Male	1	1
S0009	Juma Brian	Commerce	0	3.93	65.3	84450	22	Male	0	0
S0010	Hillary Sang	Commerce	1	2.68	60.6	55436	25	Female	0	1
S0011	Robert Carlos	Commerce	1	3.27	51.7	67406	22	Female	1	1
S0012	Emily Davis	Commerce	1	3.86	65.2	83059	27	Male	1	0
S0013	Paul Lewis	Science	1	2.21	82.7	35954	21	Female	1	0
S0014	Emily Davis	Commerce	0	3.87	96.9	32356	29	Male	0	1
S0015	Nancy White	Arts	1	3.38	93.6	22187	23	Male	0	1
S0016	Daniel Jackson	Science	0	2.14	88.3	97243	29	Male	0	1
S0017	Laura Kamau	Arts	1	2.6	89.4	55098	22	Male	1	0
S0018	Paul Lewis	Arts	1	3.42	83.2	41225	24	Female	1	0
S0019	Agnes Waweru	Arts	0	2.13	63	23606	27	Male	0	0
S0020	Chris Lagat	Arts	1	3.16	95.4	77620	24	Male	1	0
S0021	Paul Lewis	Science	1	2.69	83.5	52828	21	Female	0	0
S0022	Agnes Waweru	Science	1	3.24	78	46489	29	Male	1	0
S0023	Michael Johnson	Arts	0	2.09	55.5	34387	22	Female	0	1
S0024	Linda Atieno	Arts	1	3.74	72.4	89463	20	Male	1	1
S0025	Chris Lagat	Science	0	3.95	73	91832	21	Male	1	1
S0026	Hillary Sang	Science	1	3.94	93.2	22591	21	Male	0	0
S0027	Nancy White	Science	0	3.5	77.3	68516	20	Male	0	1
S0028	Agnes Waweru	Commerce	0	2.26	69	82061	27	Male	0	0
S0029	Patricia Ndei	Commerce	1	3.52	98.8	86736	22	Male	0	0
S0030	Daniel Jackson	Commerce	1	2.05	55.5	81753	22	Female	0	1
S0031	Emily Davis	Arts	0	2.04	71.1	31087	28	Male	1	0
S0032	Agnes Waweru	Commerce	0	2.65	52.1	50816	24	Female	0	1
S0033	Sarah Jackson	Arts	1	2.98	87	43408	21	Female	0	1
S0034	Agnes Waweru	Arts	0	3.54	95.9	20136	21	Male	0	0
S0035	Emily Davis	Commerce	1	3.37	64	37413	26	Female	0	1
S0036	Paul Lewis	Arts	1	2.89	92.9	79500	23	Male	0	1
S0037	Laura Kamau	Commerce	1	2.55	64.6	76358	21	Female	1	1
S0038	Hillary Sang	Commerce	1	3.99	95.5	86197	19	Male	0	1
S0039	Daniel Jackson	Science	0	2.85	87.7	52854	23	Female	0	0
S0040	James Taylor	Commerce	1	2.9	90.2	96240	19	Female	0	1
S0041	Laura Kamau	Science	0	2.33	50.9	36322	22	Male	1	1
S0042	Paul Lewis	Commerce	1	3.59	98.1	26968	23	Female	1	1
S0043	Sarah Jackson	Commerce	0	3.39	86.3	47518	21	Male	0	0
S0044	Michael Johnson	Science	1	2.44	65.2	71925	20	Male	0	1
S0045	Nancy White	Science	0	2.16	91.5	79848	24	Male	1	0
S0046	Agnes Waweru	Commerce	0	3.36	64.1	21700	19	Male	1	1
S0047	James Taylor	Arts	1	3.31	93.6	43199	28	Male	1	1
S0048	Laura Kamau	Science	1	2.55	55.6	64589	23	Female	0	1
S0049	George Tom	Arts	1	3.9	85.2	52115	21	Female	0	0
S0050	Agnes Waweru	Arts	1	2.3	77	81934	23	Female	1	0
S0051	Susan Thomas	Arts	0	2.86	54.8	74316	21	Male	0	0
S0052	Juma Brian	Science	1	3.89	62.1	25520	21	Female	1	0
S0053	Laura Kamau	Arts	0	2.84	50.6	56455	21	Female	1	0
S0054	Mark Harris	Science	0	3.28	73.4	61605	26	Female	1	0
S0055	George Tom	Arts	1	2.8	65.1	34955	24	Female	0	1
S0056	Barbara Carnilar	Commerce	0	2.55	79.9	64049	20	Female	1	0
S0057	Patricia Ndei	Commerce	0	3.97	64.9	33917	20	Male	1	1
S0058	Nancy White	Science	0	2.82	65	90293	23	Male	0	0
S0059	Michael Johnson	Commerce	0	3.79	87.2	98581	23	Female	1	0
S0060	Nancy White	Commerce	1	2.46	52.4	84925	21	Male	0	0
S0061	Sarah Jackson	Arts	1	2.43	95.1	90269	26	Male	1	1
S0062	Barbara Carnilar	Science	1	2.06	92.6	50954	21	Female	0	0
S0063	Paul Lewis	Arts	1	3.3	83.4	92617	26	Female	1	0
S0064	Hillary Sang	Arts	0	2.74	79.7	61458	21	Male	1	1
S0065	Daniel Jackson	Arts	0	3.73	94.6	41113	19	Female	1	1
S0066	Hillary Sang	Arts	1	2.95	59.3	63939	19	Male	1	1
S0067	Nancy White	Arts	1	3.94	53.9	49345	22	Male	1	1
S0068	Daniel Jackson	Arts	1	2.37	62	66313	21	Female	0	0
S0069	Emily Davis	Arts	0	3.74	89.7	89166	24	Male	0	1
S0070	Linda Atieno	Science	1	3.55	51.7	67861	28	Male	1	0
S0071	Michael Johnson	Commerce	1	3.54	79.1	69298	22	Male	1	0
S0072	Barbara Carnilar	Arts	1	3.69	99.8	67221	23	Female	1	1
S0073	George Tom	Arts	0	3.52	92.8	64942	27	Female	0	0
S0074	Emily Davis	Arts	0	3.25	76.1	23453	21	Female	0	1
S0075	James Taylor	Arts	0	2.26	53.2	74935	29	Female	1	0
S0076	Sarah Jackson	Arts	0	2.07	91.6	63370	19	Male	0	1
S0077	Michael Johnson	Arts	0	3.84	79.9	28328	27	Female	1	1
S0078	James Taylor	Commerce	0	3.23	55.7	35534	26	Female	1	1
S0079	Patricia Ndei	Commerce	0	3.59	54.7	56320	27	Female	1	1
S0080	Michael Johnson	Arts	0	2.96	95.5	69170	24	Female	0	1
S0081	Mark Harris	Commerce	1	2.23	83.5	28640	21	Male	1	1
S0082	Mark Harris	Science	1	2.25	91.5	50049	20	Male	1	0
S0083	James Taylor	Arts	0	3.37	93.9	25618	27	Male	1	0
S0084	Barbara Carnilar	Science	0	2.86	78.6	76053	20	Female	0	0
S0085	Robert Carlos	Science	1	2.4	75.9	21920	26	Female	0	1
S0086	Robert Carlos	Arts	0	2.98	71.5	63937	22	Male	0	0
S0087	Michael Johnson	Commerce	0	2.13	65.8	89724	20	Female	1	1
S0088	Robert Carlos	Science	0	3.16	71.7	32207	22	Female	0	0
S0089	Robert Carlos	Arts	1	2.54	88.7	85774	19	Male	1	0
S0090	Laura Kamau	Science	1	3.6	80.1	52972	28	Male	0	1
S0091	Nancy White	Science	1	2.62	94.6	30799	21	Female	1	0
S0092	James Taylor	Science	1	2.91	72.2	91088	27	Female	0	0
S0093	Susan Thomas	Science	1	2.02	80.4	48916	19	Female	1	0
S0094	Nancy White	Commerce	0	2.14	81.6	90463	19	Male	0	1
S0095	Daniel Jackson	Science	1	2.78	79.6	96700	29	Male	0	0
S0096	Susan Thomas	Science	0	2.96	85.1	57158	25	Male	0	1
S0097	Sarah Jackson	Science	0	3.2	61.9	91696	18	Male	1	0
S0098	Paul Lewis	Commerce	1	2.58	75.6	81510	24	Female	0	0
S0099	Linda Atieno	Science	1	3.39	55.2	78692	22	Male	0	0
S0100	Linda Atieno	Science	0	3.72	69.2	81744	28	Male	0	0
S0101	Robert Carlos	Commerce	0	3.56	74.4	35810	25	Female	0	1
S0102	Robert Carlos	Commerce	0	2.08	82.6	25126	18	Female	1	0
S0103	Agnes Waweru	Commerce	1	2.96	97.5	50009	28	Female	0	1
S0104	Barbara Carnilar	Science	1	2.21	80	20192	24	Male	1	1
S0105	George Tom	Commerce	1	2.48	87.2	56413	22	Female	1	0
S0106	Agnes Waweru	Commerce	1	3.97	75.3	32816	21	Female	1	0
S0107	David Ombuna	Science	1	2.28	81.7	59082	24	Male	1	1
S0108	Hillary Sang	Commerce	0	3	53.5	85048	27	Male	0	1
S0109	Agnes Waweru	Science	1	3.24	62.7	70940	19	Female	1	0
S0110	Robert Carlos	Arts	0	3.4	68.1	52130	29	Male	1	0
S0111	Emily Davis	Commerce	0	3.12	73.6	60142	18	Female	1	0
S0112	Agnes Waweru	Arts	0	2.02	52.3	56468	18	Female	1	0
S0113	Daniel Jackson	Science	1	2.65	57	50698	28	Male	0	0
S0114	James Taylor	Commerce	1	3.04	63.8	30655	29	Female	0	1
S0115	Susan Thomas	Science	1	2.18	98.6	67897	18	Male	1	0
S0116	Emily Davis	Arts	0	2.7	66.6	50075	29	Male	1	0
S0117	James Taylor	Science	0	2.07	74.1	29359	22	Male	1	1
S0118	Michael Johnson	Commerce	0	2.16	59.8	62056	27	Female	0	0
S0119	Nancy White	Commerce	0	2.79	80.5	71831	24	Male	0	0
S0120	Robert Carlos	Arts	0	2.27	64	79191	19	Male	0	1
S0121	Chris Lagat	Science	0	3.14	60.3	53272	27	Female	0	0
S0122	Laura Kamau	Commerce	1	3.38	75.8	34671	25	Female	0	1
S0123	Michael Johnson	Arts	1	3.6	50.3	47048	21	Female	1	0
S0124	Susan Thomas	Commerce	1	2.4	50.4	96274	29	Female	0	0
S0125	David Ombuna	Commerce	1	2.33	61	45963	20	Male	0	0
S0126	Susan Thomas	Science	0	2.21	51.8	63954	27	Male	1	1
S0127	Nancy White	Commerce	0	3.27	55.4	92309	28	Male	0	1
S0128	Hillary Sang	Science	1	3.41	66.9	20717	25	Female	0	1
S0129	Agnes Waweru	Commerce	0	2.06	90.1	31676	19	Female	0	1
S0130	Robert Carlos	Arts	1	3.87	78.6	24434	28	Male	1	0
S0131	Agnes Waweru	Commerce	1	2.1	75.6	69810	28	Female	0	1
S0132	Juma Brian	Science	1	3.08	64.7	24994	20	Female	1	1
S0133	Mark Harris	Science	0	3.42	96.6	24234	29	Male	1	1
S0134	Patricia Ndei	Arts	1	3.74	69.9	89300	20	Male	0	0
S0135	Emily Davis	Commerce	1	3.43	54.4	63949	27	Female	0	0
S0136	Juma Brian	Commerce	1	3.6	80.9	57405	28	Female	0	1
S0137	Robert Carlos	Arts	0	2.68	55.7	54872	18	Female	0	1
S0138	Juma Brian	Commerce	0	3.63	67.3	62215	23	Male	1	0
S0139	Patricia Ndei	Commerce	1	2.16	75.4	43185	19	Male	0	1
S0140	Daniel Jackson	Science	0	3.79	93.7	63442	18	Male	1	1
S0141	Michael Johnson	Commerce	0	3.1	74.7	71759	19	Male	1	1
S0142	Mark Harris	Commerce	0	3.63	85.1	61153	29	Male	1	1
S0143	Paul Lewis	Arts	0	2.9	99.6	97535	23	Female	1	0
S0144	Emily Davis	Arts	0	3.29	56.6	22581	21	Female	1	0
S0145	Paul Lewis	Science	0	3.05	63.7	71717	23	Female	0	0
S0146	Linda Atieno	Commerce	0	3.46	69.7	22763	29	Male	1	1
S0147	Paul Lewis	Commerce	0	2.16	71.1	75480	26	Male	1	1
S0148	Daniel Jackson	Commerce	0	2.12	70.6	58759	27	Male	0	0
S0149	Sarah Jackson	Science	0	2.49	95.4	96067	29	Female	0	0
S0150	Patricia Ndei	Science	1	2.32	85.7	45307	27	Male	1	0
S0151	Robert Carlos	Arts	1	3.74	80.4	31064	25	Male	1	1
S0152	James Taylor	Science	0	2.44	65.5	96848	18	Female	0	0
S0153	Daniel Jackson	Commerce	1	3.95	91.2	57548	25	Male	1	1
S0154	Robert Carlos	Commerce	1	2.67	97.8	56945	26	Female	0	1
S0155	David Ombuna	Science	0	2.36	91.1	67937	23	Male	0	0
S0156	Paul Lewis	Commerce	0	3.58	50.1	26476	27	Male	1	0
S0157	Susan Thomas	Commerce	0	3.32	81.8	71756	22	Female	0	1
S0158	Emily Davis	Science	1	3	52.6	22382	23	Female	1	0
S0159	Hillary Sang	Science	1	3.11	62.9	69683	23	Female	1	0
S0160	Emily Davis	Commerce	0	3.44	53	65276	26	Female	1	1
S0161	Daniel Jackson	Commerce	0	2.46	80.2	53402	21	Female	0	1
S0162	Juma Brian	Commerce	0	3.99	84.3	46946	19	Female	1	1
S0163	Paul Lewis	Arts	1	3.95	55.7	99698	28	Male	0	1
S0164	Chris Lagat	Arts	1	3.3	69.2	93933	28	Male	1	1
S0165	Linda Atieno	Arts	1	2.4	72.8	42335	26	Female	1	0
S0166	Michael Johnson	Science	1	3.36	68.5	65095	19	Male	0	1
S0167	Hillary Sang	Arts	0	2.14	56.1	99930	27	Female	1	1
S0168	Barbara Carnilar	Science	0	2.06	70.9	47197	26	Male	1	1
S0169	Emily Davis	Science	0	2.52	87.6	42010	19	Female	0	0
S0170	Emily Davis	Arts	0	2.93	53.6	44123	29	Male	0	1
S0171	Juma Brian	Arts	1	3.74	54	22890	25	Male	0	1
S0172	Juma Brian	Arts	1	3.45	67.7	28026	26	Male	1	1
S0173	Emily Davis	Commerce	0	3.49	97.1	84925	29	Male	0	0
S0174	David Ombuna	Arts	0	2.85	83.4	88842	27	Male	0	1
S0175	Daniel Jackson	Commerce	1	2.69	83.9	53665	26	Female	1	1
S0176	Robert Carlos	Science	0	2.74	68.1	29277	27	Female	0	1
S0177	David Ombuna	Commerce	1	3.98	79.7	62239	26	Female	1	0
S0178	Mark Harris	Arts	0	2.08	50.5	67664	19	Male	1	0
S0179	Agnes Waweru	Science	0	3.73	81.8	68008	21	Female	0	0
S0180	Daniel Jackson	Science	0	3.16	95.7	34683	24	Male	1	0
S0181	James Taylor	Science	0	2.88	80.6	20670	29	Male	0	1
S0182	Mark Harris	Commerce	0	3.45	93.7	37889	19	Male	0	1
S0183	Juma Brian	Arts	0	2.97	86.2	75612	18	Female	0	0
S0184	Chris Lagat	Science	0	3.75	56	64535	20	Male	0	0
S0185	Emily Davis	Science	1	3.8	95.1	98542	29	Female	1	1
S0186	Paul Lewis	Science	1	2.84	53.3	74319	21	Female	1	1
S0187	Mark Harris	Commerce	1	2.55	76.7	41639	25	Male	0	0
S0188	Chris Lagat	Commerce	1	3.18	57.1	84712	23	Male	0	0
S0189	Susan Thomas	Arts	1	3.82	50.6	36633	28	Female	1	0
S0190	Nancy White	Commerce	0	2.42	71.1	54660	19	Female	0	0
S0191	Chris Lagat	Science	0	3.25	64.8	88975	26	Female	1	1
S0192	Michael Johnson	Arts	1	3.26	74.3	52172	19	Female	0	0
S0193	Linda Atieno	Science	0	3.47	78.9	79197	29	Female	1	0
S0194	Chris Lagat	Science	1	2.26	52.2	78847	22	Female	1	1
S0195	Barbara Carnilar	Commerce	1	3.43	56.2	31577	29	Male	1	1
S0196	Susan Thomas	Arts	0	3.82	77.9	97299	21	Female	0	1
S0197	Chris Lagat	Commerce	0	2.36	67.2	40176	24	Female	0	1
S0198	Mark Harris	Commerce	0	2.48	86.5	64386	25	Female	0	1
S0199	David Ombuna	Arts	1	3.94	82.6	83972	22	Female	0	0
S0200	Laura Kamau	Science	0	2.36	92.3	61003	27	Male	0	0
S0201	Laura Kamau	Science	1	3.71	84.6	39996	22	Male	1	0
S0202	James Taylor	Arts	1	2.98	71.5	55931	19	Female	1	1
S0203	Mark Harris	Science	1	2.49	83.6	55710	25	Female	1	0
S0204	Patricia Ndei	Arts	0	3.74	63.8	54693	19	Female	1	1
S0205	Susan Thomas	Arts	0	2.89	65.3	55740	27	Male	1	0
S0206	Juma Brian	Commerce	1	3.03	89.4	97241	29	Male	1	0
S0207	Sarah Jackson	Arts	0	2.72	72.3	96502	23	Male	1	1
S0208	Robert Carlos	Commerce	0	3.19	89.9	37374	25	Male	0	1
S0209	Daniel Jackson	Science	0	2.33	91.1	96674	23	Male	1	0
S0210	James Taylor	Science	1	2.78	92.9	65913	21	Male	0	0
S0211	Laura Kamau	Science	1	3.94	95.8	86025	21	Female	1	0
S0212	Laura Kamau	Science	0	2.52	71.5	64516	23	Male	1	0
S0213	Sarah Jackson	Commerce	1	3.31	65.9	46069	21	Male	0	0
S0214	Daniel Jackson	Science	0	2.65	79.1	76233	25	Female	1	1
S0215	Paul Lewis	Arts	0	3.55	68.6	79049	26	Male	0	1
S0216	Sarah Jackson	Arts	0	2.26	80.1	59178	18	Female	1	1
S0217	Agnes Waweru	Arts	0	3.94	85.3	52821	21	Male	0	1
S0218	Paul Lewis	Commerce	1	2.91	84.4	71727	21	Female	1	0
S0219	Agnes Waweru	Science	1	2.47	68.7	80935	19	Female	0	0
S0220	Patricia Ndei	Science	1	2.15	58.3	36999	23	Female	0	1
S0221	David Ombuna	Science	0	2.34	71.5	82522	20	Female	1	0
S0222	Juma Brian	Commerce	0	3.04	57.1	58712	24	Female	1	1
S0223	Mark Harris	Arts	0	2.67	94.5	84551	28	Male	0	0
S0224	David Ombuna	Arts	1	3.66	67.3	60172	28	Male	1	0
S0225	Patricia Ndei	Science	0	2.86	57.7	53722	22	Female	0	0
S0226	Emily Davis	Arts	1	2.5	51.3	30625	21	Female	1	1
S0227	Sarah Jackson	Arts	1	3.23	82.3	87165	22	Female	0	1
S0228	Juma Brian	Commerce	1	3.41	81.8	96509	25	Male	1	1
S0229	Hillary Sang	Commerce	1	2.33	67	26859	20	Female	0	1
S0230	Paul Lewis	Commerce	1	2.34	53.6	61609	24	Female	1	0
S0231	Agnes Waweru	Commerce	1	2.07	70.5	63307	23	Female	0	0
S0232	Emily Davis	Science	0	3.47	65.6	41839	29	Female	0	0
S0233	Chris Lagat	Commerce	0	3.33	83.9	47216	18	Male	1	0
S0234	Juma Brian	Arts	1	2.95	80.3	72953	24	Female	1	1
S0235	Susan Thomas	Science	1	3.69	68.2	80593	24	Female	0	0
S0236	Paul Lewis	Arts	0	3.61	60.9	92075	29	Male	0	0
S0237	Robert Carlos	Arts	1	3.17	99.4	69522	18	Female	0	0
S0238	Emily Davis	Arts	1	3.74	72.7	24886	26	Female	0	1
S0239	James Taylor	Commerce	0	2.41	84.4	27485	23	Male	1	1
S0240	Mark Harris	Commerce	1	2.22	57	51455	29	Male	0	1
S0241	Laura Kamau	Science	1	2.54	74.3	36767	19	Male	0	0
S0242	David Ombuna	Science	1	2.11	51.4	48453	22	Female	0	1
S0243	Linda Atieno	Commerce	0	3.06	75.3	96280	28	Female	1	0
S0244	Laura Kamau	Arts	0	3.87	98.2	73442	21	Male	0	0
S0245	Robert Carlos	Science	0	2.08	69.2	71877	24	Male	1	0
S0246	Hillary Sang	Commerce	1	2.24	51.9	32226	25	Male	1	1
S0247	James Taylor	Commerce	1	2.9	51.5	42588	28	Female	1	1
S0248	Daniel Jackson	Commerce	0	3.87	69.4	98976	28	Female	1	0
S0249	Agnes Waweru	Arts	1	2.63	58	51709	18	Male	1	0
S0250	Susan Thomas	Commerce	1	3.01	51.2	67788	22	Female	1	1
S0251	Nancy White	Commerce	1	2.08	87.8	57019	20	Male	1	1
S0252	Emily Davis	Commerce	1	2.3	72.9	64948	18	Female	0	1
S0253	Barbara Carnilar	Commerce	1	3.97	64.5	85133	29	Female	0	0
S0254	Laura Kamau	Science	0	3.93	95	86458	20	Female	1	0
S0255	Barbara Carnilar	Science	1	2.01	55.8	47526	23	Female	0	0
S0256	Agnes Waweru	Commerce	0	3.9	97.8	93493	24	Male	0	1
S0257	James Taylor	Arts	1	3.28	65.7	72198	25	Female	1	1
S0258	Hillary Sang	Science	0	3.74	94.4	63395	28	Female	0	1
S0259	Agnes Waweru	Commerce	1	2.91	80.1	44031	21	Male	1	0
S0260	Chris Lagat	Science	0	3.03	91.3	95542	20	Female	0	0
S0261	Agnes Waweru	Science	1	2.98	99.2	57701	22	Male	1	1
S0262	Agnes Waweru	Arts	0	3.33	64.4	45939	26	Male	1	0
S0263	Daniel Jackson	Commerce	1	2.28	98.1	69145	23	Female	0	1
S0264	Emily Davis	Commerce	0	2.06	69.5	40324	26	Female	0	0
S0265	James Taylor	Arts	1	2.62	69.3	42867	23	Male	1	1
S0266	Nancy White	Arts	0	3.41	67	20203	19	Male	1	0
S0267	David Ombuna	Commerce	0	2.4	77.1	36544	22	Male	1	0
S0268	Juma Brian	Commerce	1	3.35	57.7	35899	29	Female	0	1
S0269	Mark Harris	Arts	1	3.94	77.7	49063	28	Male	0	1
S0270	Emily Davis	Science	0	2.19	77.1	23748	26	Male	0	1
S0271	Laura Kamau	Science	1	3.35	88.1	86629	25	Male	0	1
S0272	Susan Thomas	Arts	0	2.89	91.7	40884	24	Female	1	1
S0273	Hillary Sang	Science	0	3.74	72	45183	18	Male	1	0
S0274	Barbara Carnilar	Arts	0	2.35	65.1	91246	21	Female	1	1
S0275	Daniel Jackson	Science	1	3.39	63	39259	29	Female	1	1
S0276	Daniel Jackson	Science	0	3.68	59.7	55959	24	Male	0	1
S0277	Daniel Jackson	Commerce	0	3.89	52.9	53457	28	Female	1	0
S0278	Patricia Ndei	Commerce	1	3.37	67.1	22103	24	Male	1	1
S0279	Michael Johnson	Science	1	2.99	63.5	85901	23	Female	0	1
S0280	Sarah Jackson	Science	1	3.24	98.3	64535	25	Female	0	1
S0281	Laura Kamau	Commerce	1	3.74	77.9	36103	28	Male	1	0
S0282	Sarah Jackson	Commerce	0	3.14	67.4	98278	23	Male	0	0
S0283	Emily Davis	Commerce	0	2.06	79	32391	27	Male	1	1
S0284	David Ombuna	Arts	0	3.86	57	48901	20	Female	0	0
S0285	Nancy White	Science	0	3.38	72.2	87914	21	Female	0	1
S0286	Emily Davis	Commerce	1	3.35	81.3	70357	20	Male	1	0
S0287	David Ombuna	Science	0	2.43	74.4	58437	18	Male	0	1
S0288	Mark Harris	Arts	0	3.32	70.1	55503	27	Female	1	0
S0289	Susan Thomas	Arts	1	2.79	99.7	95403	22	Female	0	1
S0290	James Taylor	Commerce	0	3.3	94	61258	18	Female	0	1
S0291	George Tom	Arts	0	2.21	81.2	53724	18	Male	0	0
S0292	Hillary Sang	Science	0	3.32	78.5	84286	19	Female	0	1
S0293	Michael Johnson	Commerce	0	4	81	94842	21	Male	0	1
S0294	James Taylor	Science	0	2.1	60.1	34908	23	Female	1	1
S0295	James Taylor	Science	0	3.95	69.8	70626	25	Female	0	1
S0296	Chris Lagat	Arts	1	2.81	52	57228	20	Male	1	0
S0297	Daniel Jackson	Arts	1	3.74	73.8	43386	18	Male	0	1
S0298	Paul Lewis	Arts	0	3.56	77.2	66754	20	Male	1	0
S0299	James Taylor	Arts	0	3.13	61.4	48302	29	Female	0	0
S0300	Hillary Sang	Arts	1	3.48	98.2	80815	20	Female	1	0
S0301	Barbara Carnilar	Commerce	0	3.76	95.5	83344	22	Female	1	0
S0302	Laura Kamau	Science	0	2.81	86.1	55618	28	Male	0	1
S0303	Chris Lagat	Science	0	2.65	76.7	96234	29	Female	0	1
S0304	Chris Lagat	Science	1	3.34	93.5	81114	29	Male	0	0
S0305	Patricia Ndei	Science	0	3.62	56.5	90130	21	Male	1	1
S0306	Laura Kamau	Arts	1	3.52	89.5	45525	21	Male	1	0
S0307	Susan Thomas	Science	0	3.6	56.2	99818	26	Female	0	1
S0308	Susan Thomas	Commerce	1	2.87	89.7	34334	24	Female	0	1
S0309	Patricia Ndei	Commerce	1	3.64	63.8	82767	21	Male	1	1
S0310	Paul Lewis	Science	0	2.24	93.9	26644	20	Female	1	0
S0311	Robert Carlos	Science	1	3.09	97.2	52933	23	Male	0	0
S0312	Agnes Waweru	Commerce	0	2.01	57.4	63469	20	Male	1	1
S0313	Patricia Ndei	Commerce	1	2.65	73.1	53687	23	Female	0	0
S0314	Michael Johnson	Arts	0	2.73	99	72656	28	Male	0	0
S0315	Sarah Jackson	Commerce	0	2.79	74.2	37375	28	Male	0	1
S0316	Chris Lagat	Arts	1	3.39	93.2	85206	29	Female	1	0
S0317	Emily Davis	Arts	0	2.78	79.4	56607	26	Male	1	1
S0318	David Ombuna	Arts	0	2.9	68.8	43993	23	Male	1	1
S0319	Linda Atieno	Arts	1	2.48	64.3	64386	29	Male	1	1
S0320	Emily Davis	Arts	0	2.75	60.2	66287	21	Male	0	0
S0321	Robert Carlos	Science	0	2.45	88.1	96312	22	Male	1	1
S0322	Sarah Jackson	Commerce	1	2.15	69.3	95324	23	Male	0	1
S0323	Susan Thomas	Arts	1	3.21	75.6	91196	28	Male	0	0
S0324	Patricia Ndei	Commerce	0	3.34	74.6	90014	20	Female	0	0
S0325	Chris Lagat	Commerce	0	3.24	78.9	28210	25	Female	1	0
S0326	Hillary Sang	Arts	1	2.93	93.3	30922	21	Male	0	0
S0327	Hillary Sang	Science	1	2.76	99	56289	25	Male	0	1
S0328	Daniel Jackson	Arts	0	3.73	70.4	53340	27	Female	1	0
S0329	Robert Carlos	Science	1	3.04	91.4	59850	27	Female	0	0
S0330	Daniel Jackson	Commerce	0	2.96	88.2	76984	20	Female	1	0
S0331	Barbara Carnilar	Science	0	2.05	78.7	31094	27	Female	1	0
S0332	Susan Thomas	Science	0	2.68	97.8	53418	24	Female	1	1
S0333	Susan Thomas	Science	0	2.76	60	25741	28	Male	0	0
S0334	Hillary Sang	Commerce	0	2.8	55.5	92374	29	Female	1	1
S0335	Chris Lagat	Commerce	1	3.16	92.7	88798	26	Female	1	0
S0336	Emily Davis	Science	1	3.07	72	90532	21	Female	1	1
S0337	Nancy White	Science	1	3.22	92.3	42164	25	Male	1	1
S0338	Mark Harris	Arts	1	3.53	94.7	55595	20	Male	0	0
S0339	Michael Johnson	Science	0	3.63	53.1	50257	24	Male	1	1
S0340	Patricia Ndei	Arts	0	3.44	94.2	34211	20	Male	0	0
S0341	Mark Harris	Science	0	3.91	72.4	25232	29	Male	1	1
S0342	Hillary Sang	Arts	0	2.04	75.5	87753	24	Male	0	1
S0343	Robert Carlos	Commerce	1	2.39	81.3	72691	28	Female	1	1
S0344	Agnes Waweru	Science	0	2.02	96.3	99768	27	Male	0	0
S0345	Susan Thomas	Science	0	3.29	51	45613	27	Male	1	1
S0346	Daniel Jackson	Science	1	3.8	73.8	34026	28	Female	0	0
S0347	David Ombuna	Science	1	2.49	84.4	73535	28	Male	0	1
S0348	James Taylor	Arts	1	3.85	86.1	50908	23	Female	0	1
S0349	Laura Kamau	Science	1	2.12	84.6	72113	19	Female	1	1
S0350	Robert Carlos	Commerce	0	3.87	56.7	39610	28	Male	0	1
S0351	Juma Brian	Commerce	0	2.7	65	66646	20	Female	0	1
S0352	Laura Kamau	Science	1	2.2	67.9	83185	23	Female	0	1
S0353	Emily Davis	Commerce	0	2.97	90.2	92567	21	Female	0	0
S0354	Laura Kamau	Science	0	2.51	63.9	67574	23	Female	1	0
S0355	Juma Brian	Science	0	2.57	60.5	56182	18	Male	0	0
S0356	Nancy White	Commerce	1	2.61	97.9	20570	27	Female	0	1
S0357	Hillary Sang	Science	0	3.61	50.4	39288	29	Male	0	0
S0358	Michael Johnson	Commerce	1	3.08	99.9	98824	18	Female	1	1
S0359	James Taylor	Arts	0	2.62	83.8	49877	20	Female	0	0
S0360	Laura Kamau	Science	0	3.22	91.4	20917	25	Female	0	0
S0361	Chris Lagat	Arts	0	3.43	64.7	95602	25	Male	0	1
S0362	Hillary Sang	Commerce	1	2.55	50.7	84575	28	Male	0	1
S0363	Agnes Waweru	Arts	0	2.83	86.9	92518	21	Male	1	0
S0364	Michael Johnson	Arts	1	2.24	91.7	59104	23	Female	0	0
S0365	Patricia Ndei	Commerce	1	2.36	87	38062	25	Female	0	0
S0366	James Taylor	Arts	1	3.36	57.1	36999	24	Female	1	0
S0367	Paul Lewis	Arts	0	2.36	87.7	81845	28	Female	1	1
S0368	Sarah Jackson	Commerce	0	3.05	88.4	29941	24	Male	1	0
S0369	Daniel Jackson	Arts	0	3.42	82.9	81169	21	Female	0	1
S0370	Paul Lewis	Commerce	0	2.21	88.3	43470	26	Male	1	1
S0371	Michael Johnson	Arts	1	3.13	92.3	79821	29	Female	0	0
S0372	Susan Thomas	Commerce	1	2.51	80.7	64435	27	Male	1	1
S0373	Susan Thomas	Commerce	1	3.93	54.4	24529	23	Male	0	0
S0374	Paul Lewis	Arts	0	2.97	74.4	32192	29	Female	1	1
S0375	Robert Carlos	Arts	1	3.61	53.9	94102	28	Female	0	1
S0376	Michael Johnson	Arts	0	3.1	70.4	92762	20	Male	1	0
S0377	Sarah Jackson	Science	1	2.09	70.4	54087	22	Female	0	1
S0378	David Ombuna	Science	0	3.27	53.3	86677	22	Female	0	1
S0379	Nancy White	Science	0	3.9	67.4	24627	22	Male	0	0
S0380	Paul Lewis	Commerce	1	3.2	55.5	76541	25	Male	0	1
S0381	Barbara Carnilar	Arts	1	3.64	90.4	88226	26	Male	0	1
S0382	Agnes Waweru	Commerce	1	3.77	97.4	23255	26	Male	0	0
S0383	Agnes Waweru	Science	1	2.46	53.6	77433	23	Female	0	0
S0384	Barbara Carnilar	Arts	0	2.42	97.8	25213	23	Male	0	1
S0385	Mark Harris	Commerce	1	3.22	76.1	39404	26	Male	1	1
S0386	Robert Carlos	Arts	1	2.82	65	45380	21	Male	0	1
S0387	Patricia Ndei	Commerce	1	3.68	53.8	39173	23	Female	0	0
S0388	Nancy White	Arts	0	3.8	75	73027	21	Male	1	1
S0389	Linda Atieno	Science	0	2.71	89.7	43989	28	Female	0	1
S0390	Patricia Ndei	Science	1	2.47	85.4	44519	18	Male	1	1
S0391	Emily Davis	Arts	0	3.56	52.5	42439	24	Male	0	1
S0392	Patricia Ndei	Commerce	1	2.55	53.6	96949	27	Female	1	1
S0393	Patricia Ndei	Science	0	3.65	70.1	34995	28	Male	1	1
S0394	Agnes Waweru	Science	0	2.85	64.8	43559	29	Male	0	0
S0395	Hillary Sang	Science	0	3.34	61.6	25021	23	Female	1	0
S0396	Paul Lewis	Arts	0	2.19	64.1	41119	26	Male	0	1
S0397	Agnes Waweru	Arts	1	3.25	90.2	71539	24	Male	0	1
S0398	Mark Harris	Commerce	1	2.9	96.5	59350	24	Male	0	0
S0399	Agnes Waweru	Commerce	1	3.17	70.3	66223	19	Male	0	0
S0400	James Taylor	Commerce	0	2.34	95.3	45517	29	Female	1	0
S0401	Robert Carlos	Arts	1	3.47	66.1	98653	28	Male	0	1
S0402	Susan Thomas	Arts	1	3.73	73.8	42250	26	Female	1	1
S0403	Robert Carlos	Commerce	1	2.43	61.3	86798	27	Male	1	1
S0404	Chris Lagat	Commerce	0	2.19	82	74199	26	Female	0	1
S0405	Chris Lagat	Arts	0	2.05	98.9	79546	23	Male	0	0
S0406	James Taylor	Commerce	0	3.28	80.2	23327	20	Female	0	0
S0407	Susan Thomas	Science	1	3.21	67.9	49768	18	Male	0	0
S0408	Emily Davis	Arts	1	3.09	82.4	84418	21	Female	1	0
S0409	David Ombuna	Commerce	1	2.46	56.1	62788	20	Female	0	1
S0410	James Taylor	Arts	0	2.78	94.4	66830	29	Male	1	1
S0411	Barbara Carnilar	Science	0	3.19	75.2	72446	18	Female	0	0
S0412	Sarah Jackson	Arts	1	2.99	72.5	35160	20	Male	0	0
S0413	David Ombuna	Arts	0	3.98	79.3	76583	21	Male	0	0
S0414	Mark Harris	Arts	0	2.27	81.2	53998	25	Male	0	0
S0415	Susan Thomas	Arts	0	3.39	53.6	47230	26	Male	1	0
S0416	Daniel Jackson	Science	0	2.81	84.1	29076	20	Male	1	1
S0417	Paul Lewis	Arts	1	2.86	62.1	89341	23	Female	0	1
S0418	Barbara Carnilar	Arts	0	3.44	85.7	51085	27	Male	1	0
S0419	Paul Lewis	Commerce	0	3.38	91.1	75571	28	Male	1	0
S0420	Michael Johnson	Arts	0	3.98	90.2	34715	22	Male	0	0
S0421	Susan Thomas	Commerce	0	2.26	77.6	25750	23	Male	0	1
S0422	Hillary Sang	Science	1	2.21	76	98768	21	Male	1	1
S0423	Susan Thomas	Science	1	3.45	57.1	55903	27	Male	1	1
S0424	George Tom	Science	0	3.16	88.8	92489	23	Female	1	0
S0425	Paul Lewis	Science	0	2.55	63.6	52093	24	Female	1	1
S0426	Agnes Waweru	Commerce	0	2.16	74.8	54314	26	Male	0	0
S0427	Paul Lewis	Arts	0	2.17	64.2	68225	27	Female	0	1
S0428	Linda Atieno	Science	0	3.79	56.7	55179	24	Male	1	1
S0429	Chris Lagat	Arts	0	2.38	81.5	45338	23	Male	0	1
S0430	Michael Johnson	Commerce	1	2.65	52.7	89681	18	Male	1	0
S0431	Sarah Jackson	Commerce	0	2.45	87.4	52101	19	Male	1	0
S0432	James Taylor	Commerce	1	2.71	65.9	22775	18	Male	0	1
S0433	Susan Thomas	Science	1	2.14	50	65619	26	Female	1	0
S0434	Sarah Jackson	Arts	0	3.04	75.6	65838	27	Female	1	0
S0435	Nancy White	Arts	1	2.14	52.3	39539	27	Female	0	0
S0436	Michael Johnson	Arts	1	3.6	63.8	77124	26	Female	0	0
S0437	Emily Davis	Commerce	1	2.47	85.3	85149	24	Male	1	0
S0438	Juma Brian	Science	1	3.08	53.1	46616	19	Female	1	0
S0439	Hillary Sang	Commerce	1	3.76	92	99655	23	Male	0	0
S0440	Laura Kamau	Commerce	1	3.3	50.2	74567	28	Female	1	1
S0441	Linda Atieno	Arts	0	3.07	62.3	57099	21	Female	1	0
S0442	Agnes Waweru	Commerce	1	2.65	87	95831	18	Female	0	0
S0443	Juma Brian	Arts	1	2.67	65.8	81799	18	Female	0	1
S0444	Paul Lewis	Science	1	3.34	55.1	45479	29	Male	0	1
S0445	Mark Harris	Arts	0	3.99	68	66172	22	Female	0	1
S0446	Emily Davis	Science	1	3.32	63.5	75863	29	Female	0	1
S0447	Barbara Carnilar	Arts	0	3.12	92.1	62043	19	Male	0	0
S0448	Daniel Jackson	Commerce	1	3.46	65.7	35408	21	Male	1	1
S0449	Barbara Carnilar	Commerce	0	2.93	89.4	77980	18	Female	1	1
S0450	David Ombuna	Science	0	2.12	94.6	36351	21	Male	0	0
S0451	Sarah Jackson	Science	1	3.12	71.7	24131	28	Male	0	0
S0452	David Ombuna	Science	1	3.92	95.5	64825	23	Male	1	0
S0453	Hillary Sang	Arts	0	2.35	68.9	31349	27	Female	1	1
S0454	Linda Atieno	Arts	1	3.38	98.2	80931	21	Male	1	0
S0455	Agnes Waweru	Science	0	2.4	54.5	64254	18	Female	0	1
S0456	Emily Davis	Commerce	0	3.07	84.4	58225	24	Female	0	0
S0457	David Ombuna	Arts	0	2.19	74.7	32453	19	Female	1	0
S0458	Mark Harris	Arts	0	2.9	69.4	38814	26	Female	0	1
S0459	Patricia Ndei	Arts	0	3.51	81.6	38263	20	Male	0	0
S0460	Paul Lewis	Science	1	2.7	85.2	97694	25	Female	0	0
S0461	Linda Atieno	Science	0	3.33	50.2	35735	25	Male	1	0
S0462	Agnes Waweru	Science	0	3.59	58.3	35830	20	Female	1	0
S0463	Robert Carlos	Science	1	3.85	85.7	67893	21	Male	0	0
S0464	Paul Lewis	Science	0	2.47	83.3	64673	19	Female	0	1
S0465	Sarah Jackson	Commerce	1	2.8	98.3	65066	21	Male	0	1
S0466	James Taylor	Commerce	1	2.3	88.1	23373	28	Female	0	0
S0467	Mark Harris	Science	1	3.98	97.5	30335	28	Female	0	1
S0468	James Taylor	Arts	0	3.85	85.1	43741	28	Male	1	1
S0469	Daniel Jackson	Science	0	3.08	64.9	30692	26	Female	0	1
S0470	Agnes Waweru	Commerce	0	3.68	55.3	67295	19	Female	0	0
S0471	George Tom	Commerce	1	3.04	89.1	65541	29	Female	0	0
S0472	Chris Lagat	Arts	0	3.25	82.2	54057	29	Male	1	0
S0473	Juma Brian	Commerce	1	2.18	52.4	86983	20	Female	1	1
S0474	James Taylor	Science	0	3.51	68	39583	28	Female	0	1
S0475	Sarah Jackson	Arts	1	2.26	97.8	42765	28	Male	1	0
S0476	Daniel Jackson	Science	0	3.65	75	79287	21	Male	1	0
S0477	Robert Carlos	Science	0	3.56	71.6	43906	22	Male	1	1
S0478	Daniel Jackson	Arts	0	3.42	72.9	99675	18	Male	1	1
S0479	Susan Thomas	Science	1	2.07	60.4	66525	24	Male	1	0
S0480	Nancy White	Commerce	1	2.61	68.4	58230	27	Female	1	1
S0481	Daniel Jackson	Science	0	2.53	68.5	39520	24	Female	0	1
S0482	Nancy White	Arts	0	2.72	52.6	71934	26	Female	1	1
S0483	George Tom	Arts	1	2.18	88.4	45566	21	Male	1	1
S0484	Nancy White	Arts	1	3.87	70.8	93193	23	Female	0	1
S0485	Mark Harris	Science	1	3.11	91.1	50134	28	Male	0	1
S0486	Hillary Sang	Arts	0	2.61	92.5	30345	19	Male	0	1
S0487	David Ombuna	Arts	1	2.79	60.6	61185	29	Female	0	0
S0488	Nancy White	Science	0	2.89	82.9	90744	29	Male	1	0
S0489	David Ombuna	Commerce	1	3.2	73.6	53455	21	Male	1	1
S0490	Susan Thomas	Science	0	3.03	94	48018	19	Female	1	1
S0491	David Ombuna	Arts	1	3.84	60.8	74219	27	Male	1	1
S0492	Daniel Jackson	Arts	1	2.99	83.9	65991	22	Male	0	0
S0493	Barbara Carnilar	Science	1	3.98	80.4	93616	24	Female	1	0
S0494	Sarah Jackson	Commerce	1	3.7	64.8	29486	18	Male	1	1
S0495	Patricia Ndei	Arts	1	2.42	56.8	58862	27	Male	0	0
S0496	Juma Brian	Arts	0	3.86	82.6	78870	27	Female	1	1
S0497	Nancy White	Arts	1	2.23	86.9	63856	24	Female	1	1
S0498	Daniel Jackson	Science	1	3.63	65.8	51379	27	Female	1	1
S0499	Hillary Sang	Arts	1	2.76	82.2	84729	23	Female	1	1
S0500	Patricia Ndei	Commerce	0	3.76	69.8	48378	23	Male	0	1
S0501	James Taylor	Arts	1	3.74	85.7	74353	29	Male	0	1
S0502	Laura Kamau	Arts	0	3.61	60	69996	25	Female	0	1
S0503	George Tom	Commerce	1	3.58	94.5	34031	25	Male	0	0
S0504	Michael Johnson	Arts	1	2.61	64.4	85982	23	Male	0	1
S0505	Paul Lewis	Science	0	2.16	68.4	56683	20	Female	1	0
S0506	Mark Harris	Science	1	2.81	52.9	37618	22	Female	1	1
S0507	George Tom	Science	0	2.35	55.6	26587	19	Male	0	1
S0508	Linda Atieno	Commerce	0	3.39	75.8	82790	22	Female	0	0
S0509	Patricia Ndei	Arts	1	2.69	63.4	51480	26	Female	0	0
S0510	Susan Thomas	Science	0	3.95	91.8	40527	27	Female	1	1
S0511	James Taylor	Commerce	1	3.28	50.7	43569	18	Male	0	0
S0512	Susan Thomas	Arts	1	3.64	69	31151	27	Female	1	1
S0513	Hillary Sang	Commerce	0	2.27	66.9	91094	22	Male	1	1
S0514	Hillary Sang	Science	0	3.72	51	79174	29	Male	1	0
S0515	Daniel Jackson	Science	0	3.85	56.2	64739	23	Male	1	0
S0516	George Tom	Science	0	2.97	70.7	52954	28	Female	0	0
S0517	Robert Carlos	Commerce	1	3.21	74.6	55303	24	Female	1	0
S0518	Emily Davis	Commerce	1	3.53	70.2	54700	26	Female	1	1
S0519	Daniel Jackson	Science	0	2.35	76.5	87568	23	Female	0	0
S0520	Chris Lagat	Commerce	1	3.01	79.8	86788	22	Female	1	0
S0521	Daniel Jackson	Science	1	2.8	50.5	91045	29	Male	1	0
S0522	James Taylor	Science	1	2.29	73.2	57842	24	Male	1	0
S0523	Patricia Ndei	Arts	1	2.74	98.2	33900	18	Male	0	0
S0524	Patricia Ndei	Commerce	0	2.14	76	21881	28	Female	1	1
S0525	Barbara Carnilar	Science	0	2.05	83.9	53037	22	Male	1	1
S0526	Linda Atieno	Science	1	2.27	65.6	21630	19	Male	0	0
S0527	David Ombuna	Commerce	0	3.93	88.7	40789	21	Female	0	0
S0528	Laura Kamau	Arts	0	3.1	88.6	66151	24	Female	1	1
S0529	Hillary Sang	Arts	0	3.93	76.1	68920	22	Male	1	0
S0530	Mark Harris	Science	1	2.86	98.8	87231	29	Male	0	1
S0531	Laura Kamau	Commerce	1	2.62	56.3	23262	23	Female	1	1
S0532	Susan Thomas	Arts	1	3.01	50.8	86981	19	Female	0	0
S0533	Michael Johnson	Commerce	0	2.88	88.5	95485	20	Female	1	1
S0534	Michael Johnson	Commerce	1	2.21	90.4	74722	24	Female	0	0
S0535	Susan Thomas	Science	1	3.28	56	70818	28	Male	1	0
S0536	Laura Kamau	Arts	0	2.43	63.3	49932	19	Male	0	1
S0537	Daniel Jackson	Science	1	3.24	50.9	26901	29	Female	0	1
S0538	Barbara Carnilar	Arts	1	3.3	64.7	28597	23	Male	0	0
S0539	Susan Thomas	Arts	0	2.3	88.7	83909	22	Male	0	1
S0540	Agnes Waweru	Arts	0	2.12	75.9	92391	27	Female	0	0
S0541	Robert Carlos	Arts	0	3.56	67.4	28263	18	Male	1	1
S0542	Mark Harris	Arts	1	2.92	68.6	83293	29	Male	1	1
S0543	Daniel Jackson	Commerce	1	2.12	50.1	45805	28	Male	0	0
S0544	Nancy White	Science	1	3.99	65	31874	27	Female	1	0
S0545	Emily Davis	Commerce	0	2.12	82.3	34079	28	Female	1	0
S0546	Michael Johnson	Arts	0	3.39	98.7	69850	21	Male	1	1
S0547	Nancy White	Science	1	3.97	92.4	92779	28	Female	1	0
S0548	Daniel Jackson	Arts	1	2.48	51.2	29018	19	Female	1	0
S0549	Emily Davis	Science	0	2.28	94.9	69500	21	Female	1	1
S0550	Agnes Waweru	Commerce	0	2.24	89.2	32100	18	Male	0	1
S0551	Barbara Carnilar	Science	0	2.61	89	77021	19	Male	1	0
S0552	Chris Lagat	Science	0	2.2	72.9	39800	25	Female	1	0
S0553	Paul Lewis	Science	1	3.38	69.9	83400	23	Male	1	0
S0554	Hillary Sang	Science	0	2.12	65.1	49437	19	Male	0	0
S0555	Barbara Carnilar	Science	1	3.02	53.3	96537	29	Male	1	1
S0556	Patricia Ndei	Arts	1	3.99	61.4	66675	23	Male	1	1
S0557	Hillary Sang	Science	1	3.63	62.3	39942	27	Male	1	0
S0558	Agnes Waweru	Science	0	3.23	74.2	40862	26	Female	0	0
S0559	Nancy White	Commerce	0	2.61	87.4	31669	24	Male	1	0
S0560	Sarah Jackson	Science	0	3.25	73.7	73772	26	Male	0	1
S0561	David Ombuna	Commerce	0	3.05	52.9	35916	22	Male	1	0
S0562	Emily Davis	Arts	1	2.85	97.9	30878	24	Female	0	0
S0563	Barbara Carnilar	Science	0	2.26	97.1	22985	28	Female	0	1
S0564	Nancy White	Commerce	0	3.77	89.3	93648	24	Female	0	1
S0565	Michael Johnson	Commerce	1	2.9	99.6	61235	29	Male	1	0
S0566	Paul Lewis	Arts	0	2.39	77.2	38931	29	Female	0	0
S0567	Hillary Sang	Science	1	2.74	98.1	20336	20	Female	0	1
S0568	Sarah Jackson	Science	1	2.83	53.8	62933	24	Female	0	0
S0569	Agnes Waweru	Commerce	1	3.66	68.3	65536	18	Female	0	0
S0570	Paul Lewis	Science	1	3.47	61.3	89504	26	Male	1	1
S0571	Chris Lagat	Commerce	1	3.54	59.8	71148	27	Female	1	1
S0572	Sarah Jackson	Science	1	2.02	57	36279	23	Female	1	1
S0573	Linda Atieno	Commerce	1	2.83	81.1	88665	22	Male	1	0
S0574	Susan Thomas	Science	1	2.96	89.1	91386	24	Male	0	1
S0575	Daniel Jackson	Arts	0	2.04	78.9	97485	22	Female	1	1
S0576	Mark Harris	Science	0	2.52	57.3	94055	27	Male	0	0
S0577	Daniel Jackson	Science	0	3.52	90.6	97273	22	Female	1	0
S0578	Juma Brian	Arts	0	2.27	81.8	86670	28	Male	1	1
S0579	Juma Brian	Science	1	3.07	69.4	96474	27	Male	1	1
S0580	Linda Atieno	Arts	0	2.43	83.7	74028	28	Female	0	0
S0581	Daniel Jackson	Science	1	2.02	63	91128	24	Male	1	0
S0582	Agnes Waweru	Commerce	0	2.48	67.3	38108	27	Female	1	1
S0583	George Tom	Commerce	0	3.95	95.9	72495	24	Male	1	1
S0584	Emily Davis	Science	0	3.6	64.5	96533	28	Female	0	0
S0585	Michael Johnson	Science	1	3.92	73.5	76830	20	Male	1	1
S0586	Patricia Ndei	Science	0	2.98	94.5	94640	20	Male	1	0
S0587	Linda Atieno	Commerce	1	2.22	85.4	72509	27	Male	0	1
S0588	David Ombuna	Science	1	3.1	53.1	86406	29	Male	0	0
S0589	Laura Kamau	Commerce	0	2.91	57.4	59519	20	Male	1	0
S0590	Paul Lewis	Arts	0	3.69	50.4	69649	23	Female	1	1
S0591	Laura Kamau	Commerce	0	2.2	81.5	54524	29	Male	1	1
S0592	Barbara Carnilar	Commerce	1	2.98	72.4	53885	23	Female	0	0
S0593	Michael Johnson	Arts	0	2.3	56.7	64369	20	Female	0	1
S0594	Mark Harris	Commerce	1	2.65	97.9	50676	20	Female	0	1
S0595	Mark Harris	Science	1	3.47	76.5	84093	25	Male	1	1
S0596	Agnes Waweru	Science	0	2.95	62.1	67764	25	Female	0	0
S0597	Sarah Jackson	Commerce	0	2.75	75	70799	24	Male	1	1
S0598	Hillary Sang	Science	1	2.79	84	99414	27	Female	0	1
S0599	Paul Lewis	Commerce	1	2.92	53.8	92307	21	Female	0	0
S0600	Laura Kamau	Science	1	3.57	63.7	51923	21	Female	0	1
S0601	Michael Johnson	Science	0	3.78	90.3	98388	20	Female	1	1
S0602	Nancy White	Commerce	1	3.91	73	67574	22	Female	1	0
S0603	Emily Davis	Science	0	3.57	77.3	63391	20	Male	1	0
S0604	Juma Brian	Commerce	1	2.63	71.6	73664	25	Female	1	1
S0605	Emily Davis	Science	1	3.38	52.2	87384	24	Female	0	1
S0606	David Ombuna	Science	0	2.88	58.3	51027	20	Male	1	0
S0607	Agnes Waweru	Arts	1	2.51	72.3	55464	26	Male	0	0
S0608	James Taylor	Arts	0	3.68	60.5	54485	29	Male	1	1
S0609	Laura Kamau	Commerce	0	2.08	52.5	39456	22	Female	1	1
S0610	Chris Lagat	Arts	1	3.8	92.2	94795	26	Female	0	1
S0611	Mark Harris	Commerce	0	2.92	99.1	55554	24	Female	0	0
S0612	David Ombuna	Arts	0	3.27	89.7	66922	24	Female	1	1
S0613	Paul Lewis	Science	1	3.32	92.7	33409	23	Female	1	0
S0614	Hillary Sang	Commerce	0	3.79	62.1	89327	19	Female	0	0
S0615	Robert Carlos	Commerce	0	3.27	98	56639	26	Male	0	0
S0616	Linda Atieno	Science	0	3.23	59.8	83627	23	Male	0	1
S0617	Sarah Jackson	Commerce	1	2.13	97.6	39692	25	Female	0	1
S0618	Daniel Jackson	Commerce	0	3.04	99.7	98840	18	Female	0	1
S0619	Patricia Ndei	Arts	1	2.3	85.6	74200	22	Female	1	0
S0620	Juma Brian	Commerce	1	3.47	99.1	77415	29	Female	1	1
S0621	Mark Harris	Science	0	3.02	78.5	38074	18	Female	1	0
S0622	Sarah Jackson	Arts	0	3.36	63	35549	27	Male	1	0
S0623	David Ombuna	Arts	0	2.08	71.8	49963	28	Male	0	0
S0624	Linda Atieno	Science	1	2.17	79.7	72265	25	Female	0	0
S0625	Patricia Ndei	Science	0	3.43	53.7	36061	25	Male	0	0
S0626	Patricia Ndei	Arts	0	2.14	81.1	78226	18	Female	1	0
S0627	Chris Lagat	Commerce	0	2.14	99.1	48810	26	Female	0	1
S0628	Mark Harris	Arts	0	2.02	59.5	80006	19	Female	0	0
S0629	Sarah Jackson	Science	0	3.91	89.6	42800	29	Male	1	1
S0630	Nancy White	Arts	1	3.48	95.4	95476	26	Male	1	0
S0631	Barbara Carnilar	Science	1	2.71	97.2	89460	18	Female	1	1
S0632	David Ombuna	Arts	0	2.59	98	77767	29	Male	0	1
S0633	David Ombuna	Commerce	0	2.7	76.1	48054	27	Male	0	1
S0634	George Tom	Arts	0	3.55	98.9	95319	26	Female	1	1
S0635	Mark Harris	Arts	0	3.32	87.9	65397	21	Male	1	0
S0636	Chris Lagat	Science	1	2.37	58.1	33233	26	Male	0	0
S0637	Barbara Carnilar	Science	0	2.35	73.8	45068	24	Female	1	0
S0638	Juma Brian	Science	1	2.2	85.9	85727	28	Female	0	0
S0639	Barbara Carnilar	Arts	1	3.32	62.4	90453	23	Male	1	1
S0640	Patricia Ndei	Commerce	0	3.53	82	45832	22	Female	1	1
S0641	Linda Atieno	Science	1	2.53	83.3	33682	28	Male	1	1
S0642	Juma Brian	Science	1	2.04	58.1	43383	26	Female	0	0
S0643	Patricia Ndei	Arts	1	2.16	78.3	78160	19	Female	0	1
S0644	Laura Kamau	Science	1	3.94	88.6	43666	28	Female	1	0
S0645	Linda Atieno	Commerce	0	2.59	74.9	78817	29	Female	0	1
S0646	Susan Thomas	Commerce	0	3.54	50.6	54642	19	Male	1	1
S0647	Robert Carlos	Science	1	3.25	50.5	61830	28	Female	1	1
S0648	James Taylor	Science	0	2.76	67.9	30234	29	Female	0	1
S0649	Sarah Jackson	Arts	0	2.41	96.3	77616	26	Female	0	1
S0650	David Ombuna	Commerce	0	2.24	61.4	29221	29	Male	0	0
S0651	Susan Thomas	Commerce	0	3.23	81.7	31410	20	Male	0	1
S0652	Robert Carlos	Science	0	3.55	61.1	81413	25	Female	1	0
S0653	Juma Brian	Arts	1	3.29	66.1	21051	28	Female	0	0
S0654	George Tom	Commerce	0	3.06	92.4	95301	26	Female	0	0
S0655	Nancy White	Commerce	0	2.08	86.4	96918	25	Female	1	0
S0656	Patricia Ndei	Arts	0	3.94	54.8	98116	21	Female	1	0
S0657	George Tom	Arts	0	3.6	71.4	76563	29	Female	1	0
S0658	Susan Thomas	Commerce	1	2.59	51.5	64757	18	Male	1	0
S0659	Barbara Carnilar	Commerce	1	3.96	74	97475	21	Female	0	0
S0660	Patricia Ndei	Arts	1	3.2	83.1	71257	26	Female	0	1
S0661	Laura Kamau	Commerce	1	3.16	55.9	20307	19	Female	1	1
S0662	David Ombuna	Science	0	3.5	64.4	76889	20	Female	1	0
S0663	Barbara Carnilar	Science	1	3.62	69.9	88895	27	Female	0	0
S0664	Nancy White	Arts	0	3.31	96	55944	25	Female	0	0
S0665	Paul Lewis	Arts	0	2.26	99.7	58134	23	Male	0	1
S0666	Sarah Jackson	Arts	0	2.68	52.2	47323	25	Male	0	1
S0667	Mark Harris	Science	0	3.86	88.1	91762	24	Male	0	0
S0668	Michael Johnson	Commerce	0	2.45	68.6	45954	22	Male	1	0
S0669	Sarah Jackson	Science	1	2.74	69.6	75021	26	Male	1	1
S0670	Hillary Sang	Commerce	1	2.86	87.7	99866	21	Male	1	1
S0671	Paul Lewis	Science	1	2.88	95.9	90427	23	Female	1	0
S0672	Laura Kamau	Commerce	1	3.23	97.5	24992	19	Female	0	0
S0673	Agnes Waweru	Science	0	3.89	78.9	21961	19	Female	1	0
S0674	Nancy White	Arts	1	2.48	67.9	32497	19	Female	0	0
S0675	Emily Davis	Science	0	2.24	89.4	52551	27	Female	0	1
S0676	Barbara Carnilar	Commerce	1	2.39	62.6	96384	24	Female	0	1
S0677	Mark Harris	Science	0	3.77	78.2	75755	19	Male	0	0
S0678	Robert Carlos	Science	0	3.29	67.9	33255	29	Female	0	0
S0679	Barbara Carnilar	Science	1	2.57	82.8	24567	19	Male	0	0
S0680	Nancy White	Arts	0	3.63	62	68847	26	Male	0	1
S0681	Susan Thomas	Science	0	3.72	59.6	68003	24	Female	1	0
S0682	Linda Atieno	Arts	1	3.69	95.9	40389	28	Female	0	0
S0683	Emily Davis	Arts	0	3.84	55.1	64523	20	Female	1	0
S0684	Nancy White	Science	1	2.5	75.3	81576	20	Female	1	1
S0685	Barbara Carnilar	Science	1	3.51	61	63919	24	Female	0	0
S0686	Emily Davis	Science	1	2.92	51.9	23358	22	Female	0	1
S0687	Hillary Sang	Commerce	0	3.68	51.8	96524	27	Female	1	0
S0688	Laura Kamau	Science	0	3.46	58.8	25698	23	Male	1	0
S0689	Chris Lagat	Arts	0	3.55	93.3	86809	29	Female	1	0
S0690	Sarah Jackson	Science	1	3.31	64.1	75805	25	Female	1	1
S0691	Mark Harris	Commerce	0	2.35	97.5	51349	26	Male	0	0
S0692	Hillary Sang	Science	1	3.09	79.1	96777	18	Female	0	0
S0693	James Taylor	Commerce	1	3.97	71.8	70248	20	Female	0	1
S0694	Patricia Ndei	Commerce	0	3.87	79	95033	28	Male	1	1
S0695	Robert Carlos	Science	1	2.09	75.8	64041	24	Female	0	1
S0696	James Taylor	Arts	0	2.33	87.9	51954	23	Female	1	0
S0697	Daniel Jackson	Commerce	0	2.26	64.1	28002	24	Female	0	1
S0698	Chris Lagat	Science	0	3.45	67.7	89783	25	Female	1	0
S0699	Daniel Jackson	Science	0	3.64	94.7	39738	23	Female	0	1
S0700	Hillary Sang	Arts	0	2.43	97.3	30703	20	Female	0	1
S0701	Patricia Ndei	Commerce	1	3.01	94.6	69422	19	Male	1	1
S0702	Agnes Waweru	Commerce	1	3.68	71	81899	29	Female	1	0
S0703	James Taylor	Science	1	3.47	89	32392	24	Female	1	0
S0704	Sarah Jackson	Science	0	3.08	73.8	64724	29	Male	1	0
S0705	Daniel Jackson	Arts	0	3.18	74.9	52299	29	Male	1	0
S0706	Robert Carlos	Arts	0	3.02	60.2	35641	29	Female	0	0
S0707	Patricia Ndei	Commerce	1	2.6	79.6	99534	28	Male	1	0
S0708	Mark Harris	Commerce	0	3.13	59.3	26305	18	Female	0	0
S0709	James Taylor	Science	1	3.38	66.6	38782	20	Female	0	0
S0710	Laura Kamau	Commerce	1	3.75	92.8	98257	29	Male	0	0
S0711	Daniel Jackson	Arts	0	3.27	60.4	97963	28	Female	0	1
S0712	Laura Kamau	Arts	0	3.52	53.6	40566	21	Female	0	1
S0713	Michael Johnson	Science	1	2.32	53.5	87766	18	Male	1	0
S0714	Daniel Jackson	Arts	0	2.92	97	26511	22	Male	1	0
S0715	Agnes Waweru	Arts	1	2.02	75.3	46177	27	Male	0	0
S0716	Robert Carlos	Arts	0	2.49	70.5	24765	20	Male	0	0
S0717	Juma Brian	Arts	0	3.45	90.5	40354	19	Female	1	1
S0718	Laura Kamau	Science	1	3.98	91.8	43929	20	Male	1	1
S0719	Linda Atieno	Science	0	2.2	66.6	48820	25	Male	0	0
S0720	Patricia Ndei	Commerce	1	2.8	84.7	49523	23	Male	1	1
S0721	Hillary Sang	Arts	0	3.6	88.6	91088	24	Male	1	1
S0722	Linda Atieno	Commerce	1	2.41	82.7	86163	29	Male	1	0
S0723	Agnes Waweru	Science	1	3.11	57.6	97525	23	Female	0	0
S0724	Chris Lagat	Science	0	3.47	93.8	33780	23	Male	1	0
S0725	Chris Lagat	Science	1	3.23	77	26589	29	Female	0	0
S0726	George Tom	Science	0	2.38	64.1	54812	20	Male	0	1
S0727	Robert Carlos	Science	0	2.71	71.3	65939	29	Male	0	0
S0728	James Taylor	Science	0	3.57	51.9	71493	25	Male	0	1
S0729	Daniel Jackson	Science	1	3.11	56.4	60953	29	Male	0	0
S0730	Emily Davis	Arts	1	2.01	88.3	85785	24	Male	1	1
S0731	Linda Atieno	Commerce	0	3.52	50	39309	24	Male	0	0
S0732	George Tom	Science	0	2.07	70.8	74195	23	Male	0	0
S0733	Daniel Jackson	Arts	1	3.49	76.1	45901	22	Male	0	1
S0734	Barbara Carnilar	Arts	0	2.4	52.7	43576	27	Female	1	1
S0735	Sarah Jackson	Commerce	0	3.92	98.7	51508	25	Male	1	1
S0736	Susan Thomas	Science	1	2.74	61.3	94711	22	Female	1	0
S0737	Barbara Carnilar	Commerce	0	2.65	65.2	45464	26	Male	1	1
S0738	George Tom	Science	1	2.3	65.2	80281	26	Female	1	1
S0739	Laura Kamau	Arts	0	2.61	61.5	36260	18	Male	1	1
S0740	Mark Harris	Arts	1	3.75	50.1	55440	23	Male	1	1
S0741	Robert Carlos	Arts	0	3.99	86.5	76683	24	Male	0	1
S0742	Robert Carlos	Arts	0	2.74	98.3	61430	20	Female	0	1
S0743	Daniel Jackson	Commerce	1	2.9	61.2	21987	24	Female	1	1
S0744	Mark Harris	Science	0	3.44	83.2	45105	28	Female	0	1
S0745	Hillary Sang	Science	1	3.77	87.1	98484	28	Female	0	1
S0746	Emily Davis	Commerce	0	3.19	92.4	33026	24	Male	1	0
S0747	Barbara Carnilar	Science	1	2.78	71.1	88309	28	Male	0	0
S0748	Robert Carlos	Arts	1	2.83	65.1	65927	19	Male	0	1
S0749	Paul Lewis	Science	1	3.39	66.3	95414	24	Female	1	0
S0750	Paul Lewis	Arts	1	2.01	85.6	77535	18	Male	0	0
S0751	Barbara Carnilar	Commerce	0	3.24	90.8	62946	22	Female	1	1
S0752	Daniel Jackson	Science	0	2.71	59.1	76561	26	Female	1	1
S0753	Paul Lewis	Commerce	1	3.59	68.5	30377	24	Female	0	1
S0754	Daniel Jackson	Science	1	2.19	95.1	73592	24	Female	0	1
S0755	Michael Johnson	Arts	1	3.18	90.3	27347	28	Female	0	1
S0756	David Ombuna	Commerce	0	2.96	99.2	53776	29	Male	1	1
S0757	Susan Thomas	Science	0	3.28	87.7	23783	19	Female	1	0
S0758	Juma Brian	Arts	0	2.13	69.7	75798	25	Female	1	1
S0759	Robert Carlos	Commerce	0	3.16	79.5	24298	20	Male	0	0
S0760	Emily Davis	Commerce	1	3.12	83.1	90204	25	Female	0	1
S0761	Mark Harris	Science	1	3.12	53.9	75161	20	Female	1	1
S0762	Linda Atieno	Science	1	3.21	77.2	80652	27	Male	0	0
S0763	Paul Lewis	Science	0	3.35	85.5	54484	24	Male	0	1
S0764	Susan Thomas	Arts	0	3.61	58.4	40922	19	Male	1	1
S0765	Nancy White	Science	0	2.54	89	54028	21	Female	1	0
S0766	Sarah Jackson	Commerce	1	3.65	79.2	40316	28	Male	0	1
S0767	Linda Atieno	Commerce	1	3	97.6	96996	23	Male	1	0
S0768	James Taylor	Science	0	2.15	52.1	36968	28	Male	0	1
S0769	Michael Johnson	Science	1	2.12	63.3	50266	26	Female	1	1
S0770	Patricia Ndei	Commerce	0	2.67	80.1	44000	22	Male	1	0
S0771	Laura Kamau	Arts	0	3.57	64.8	34011	26	Female	1	1
S0772	Daniel Jackson	Science	1	3.42	85.7	22866	22	Female	0	0
S0773	Michael Johnson	Science	0	3.58	88	25898	27	Male	0	0
S0774	James Taylor	Commerce	1	3.03	55.1	38395	25	Female	1	0
S0775	Mark Harris	Science	0	2.88	75.7	59019	18	Female	1	1
S0776	David Ombuna	Arts	1	2.29	75.4	24006	24	Male	1	1
S0777	Daniel Jackson	Commerce	1	2.66	68.5	54393	21	Female	0	0
S0778	Mark Harris	Science	1	2.87	96.6	30956	22	Male	1	1
S0779	Juma Brian	Commerce	0	2.18	91.4	70042	23	Female	1	1
S0780	Mark Harris	Science	0	2.44	84.9	26078	22	Female	1	1
S0781	Laura Kamau	Science	1	3.2	85.7	49631	29	Male	1	0
S0782	Emily Davis	Science	1	3.47	73.1	82901	18	Male	0	1
S0783	George Tom	Arts	0	4	96	89497	29	Female	0	0
S0784	Juma Brian	Arts	0	3.87	84.7	61574	26	Female	1	1
S0785	Agnes Waweru	Commerce	0	3.29	86.4	51417	19	Male	0	1
S0786	James Taylor	Science	1	2.84	93.1	85006	26	Female	0	0
S0787	David Ombuna	Science	0	3.27	63.7	59454	27	Female	0	1
S0788	Mark Harris	Arts	0	3.57	90.4	21587	19	Female	1	0
S0789	Linda Atieno	Science	1	2.24	59.8	74710	26	Female	0	1
S0790	George Tom	Arts	0	2.82	67.3	95886	23	Male	0	0
S0791	James Taylor	Science	0	3.68	66.8	38816	28	Male	0	1
S0792	Nancy White	Commerce	0	2.77	98.9	49432	26	Male	1	1
S0793	Emily Davis	Science	1	3.14	92.8	68617	23	Male	1	1
S0794	Mark Harris	Science	1	3.18	85.1	92373	23	Male	0	0
S0795	Hillary Sang	Arts	1	2.37	86.4	54217	28	Male	0	0
S0796	Hillary Sang	Science	1	2.72	78.1	40884	19	Female	1	0
S0797	Patricia Ndei	Science	1	2.67	97.4	25454	25	Male	1	1
S0798	Patricia Ndei	Arts	1	2.05	74.8	94960	20	Female	0	0
S0799	Chris Lagat	Commerce	1	2.05	69	63618	24	Female	0	0
S0800	Emily Davis	Commerce	0	3.66	58.2	82671	22	Female	1	0
S0801	Patricia Ndei	Arts	0	2.55	89.3	67111	20	Male	1	0
S0802	Nancy White	Arts	1	3.04	86.7	59613	18	Female	0	0
S0803	Michael Johnson	Arts	0	2.6	69.2	79993	25	Male	1	0
S0804	Daniel Jackson	Arts	0	3.88	51.3	28848	20	Female	0	0
S0805	Chris Lagat	Arts	1	2.52	91.9	98672	19	Female	0	0
S0806	Sarah Jackson	Commerce	0	2.86	50.6	86125	18	Male	0	0
S0807	James Taylor	Commerce	0	3.75	85.2	81602	21	Female	1	0
S0808	James Taylor	Arts	0	3.68	98.5	92045	25	Female	0	1
S0809	Laura Kamau	Science	0	2.37	71.9	62222	20	Female	0	1
S0810	Daniel Jackson	Arts	0	3.61	61.7	69223	18	Female	1	0
S0811	David Ombuna	Science	1	2.92	85.2	85333	21	Male	1	1
S0812	Hillary Sang	Arts	1	2.97	90.9	72732	26	Female	0	1
S0813	Mark Harris	Arts	1	2.27	77.3	69420	18	Female	0	0
S0814	Barbara Carnilar	Commerce	0	2.16	98.4	95504	29	Male	1	0
S0815	Chris Lagat	Science	1	3.46	52.6	22462	28	Female	1	0
S0816	Emily Davis	Science	0	2.99	75.2	29460	19	Female	1	1
S0817	James Taylor	Commerce	0	2.87	85.9	29275	26	Female	0	0
S0818	Paul Lewis	Commerce	0	3.46	93.1	33269	19	Female	0	1
S0819	Daniel Jackson	Commerce	0	3.53	59	85942	20	Male	0	0
S0820	Robert Carlos	Commerce	1	2.32	90	92920	24	Female	1	1
S0821	Michael Johnson	Science	1	3.22	77.6	42553	20	Male	0	1
S0822	Juma Brian	Science	0	2.27	69.8	44366	26	Female	1	0
S0823	Chris Lagat	Arts	1	3.5	56.6	64036	23	Female	0	0
S0824	Chris Lagat	Arts	0	3.31	93.3	37369	20	Female	1	1
S0825	Barbara Carnilar	Commerce	1	3.91	57.9	31795	26	Male	0	1
S0826	David Ombuna	Commerce	1	2.14	65.5	90021	18	Female	0	0
S0827	Robert Carlos	Commerce	0	2.11	64.5	88154	27	Female	1	0
S0828	Mark Harris	Arts	1	2.56	93.6	50143	20	Male	1	1
S0829	Patricia Ndei	Arts	0	2.52	83.6	49425	18	Male	0	0
S0830	Linda Atieno	Arts	1	2.49	89.8	95139	19	Male	1	1
S0831	George Tom	Arts	0	3.81	62.5	25368	29	Male	1	0
S0832	Robert Carlos	Arts	0	2.5	81.2	24621	25	Female	0	0
S0833	Daniel Jackson	Arts	1	2.54	78.6	78829	24	Female	1	0
S0834	George Tom	Arts	1	3.52	91.6	80294	19	Female	0	1
S0835	Susan Thomas	Commerce	0	2.9	95.3	34719	19	Female	0	0
S0836	Susan Thomas	Commerce	1	3.55	50.6	49227	26	Male	1	1
S0837	Mark Harris	Commerce	1	2.13	83.7	27566	23	Female	1	0
S0838	Robert Carlos	Commerce	0	2.98	52.6	32306	22	Female	0	1
S0839	Paul Lewis	Arts	0	2.07	77.4	73822	27	Female	0	1
S0840	Hillary Sang	Science	1	2.13	64.4	44042	23	Female	0	0
S0841	Patricia Ndei	Arts	0	3.81	65.3	35086	26	Male	0	1
S0842	Emily Davis	Science	0	2.28	67.6	37387	28	Female	0	1
S0843	Michael Johnson	Commerce	0	3.06	81.1	47042	24	Female	0	1
S0844	Linda Atieno	Arts	1	2.82	66.7	71618	27	Female	1	1
S0845	Chris Lagat	Commerce	1	2.69	86.6	38323	27	Male	1	0
S0846	Paul Lewis	Arts	0	3.8	70.2	38019	26	Male	1	0
S0847	Sarah Jackson	Commerce	1	2.04	53.4	95426	21	Female	0	0
S0848	Chris Lagat	Science	0	3.33	89.2	60863	19	Female	1	1
S0849	Paul Lewis	Science	1	3.93	64.3	30283	29	Female	0	1
S0850	David Ombuna	Science	0	3.12	71.6	38279	25	Male	0	0
S0851	Nancy White	Arts	0	3.87	84.3	66999	21	Female	1	0
S0852	Hillary Sang	Science	1	2.1	66.6	82780	26	Female	0	1
S0853	Paul Lewis	Arts	0	2.84	52.8	42908	21	Female	0	0
S0854	Emily Davis	Science	1	2.52	68.7	81584	25	Male	0	0
S0855	Barbara Carnilar	Science	1	3.46	97.2	70225	26	Female	0	1
S0856	Juma Brian	Arts	0	3.96	82.1	57952	26	Female	0	0
S0857	David Ombuna	Arts	0	2.51	83.6	57663	27	Male	0	1
S0858	Emily Davis	Science	1	3.31	81.6	81381	21	Male	1	0
S0859	David Ombuna	Arts	0	2.4	59.9	67929	18	Female	0	1
S0860	Linda Atieno	Science	0	3.13	70.9	29343	20	Male	0	1
S0861	Michael Johnson	Arts	0	2.93	87.5	96173	26	Female	0	1
S0862	Robert Carlos	Commerce	0	3.94	55.1	59791	21	Male	0	1
S0863	Mark Harris	Commerce	0	3.22	63.9	49134	22	Male	1	1
S0864	Susan Thomas	Commerce	1	2.7	63.8	67101	24	Female	1	0
S0865	Michael Johnson	Commerce	1	2.23	71.6	89443	22	Female	0	0
S0866	Sarah Jackson	Commerce	0	2.3	99	77530	21	Female	0	0
S0867	David Ombuna	Science	0	2.45	53.4	66799	19	Male	0	1
S0868	Robert Carlos	Commerce	0	2.5	75.9	24827	19	Female	1	0
S0869	Susan Thomas	Commerce	1	3.7	59	82653	21	Female	1	1
S0870	Laura Kamau	Commerce	0	3.12	98.5	33699	27	Female	1	1
S0871	Linda Atieno	Commerce	1	3.05	55.7	25313	27	Female	1	0
S0872	Paul Lewis	Arts	1	2.23	70.2	33598	26	Female	0	1
S0873	George Tom	Science	1	3.72	86.9	48807	25	Male	1	0
S0874	Paul Lewis	Commerce	0	3.45	85.2	90423	20	Female	1	1
S0875	Paul Lewis	Commerce	1	2.14	71.1	89390	26	Female	0	1
S0876	Nancy White	Commerce	0	3.42	67.3	65226	22	Male	0	0
S0877	James Taylor	Science	1	3.09	69.9	79550	28	Female	1	1
S0878	Linda Atieno	Arts	0	2.16	63.2	23558	20	Female	1	0
S0879	Agnes Waweru	Science	1	2.92	60.3	95308	22	Female	1	1
S0880	Robert Carlos	Arts	0	2.97	74.2	70113	27	Female	1	0
S0881	Barbara Carnilar	Commerce	1	2.33	63.4	72999	21	Female	0	1
S0882	David Ombuna	Commerce	0	3.89	64.4	75878	25	Male	0	0
S0883	Robert Carlos	Science	0	3.7	82.8	56343	29	Male	1	0
S0884	Juma Brian	Science	0	3.34	98.4	78219	22	Male	1	1
S0885	Emily Davis	Arts	0	2.92	80.2	55186	27	Female	1	0
S0886	David Ombuna	Arts	1	2.82	53.8	56966	29	Male	1	1
S0887	David Ombuna	Science	1	3.3	53.8	53769	25	Female	1	1
S0888	Patricia Ndei	Arts	0	3.09	97.6	73218	26	Female	0	0
S0889	Chris Lagat	Science	1	2.12	64.9	39229	21	Female	0	0
S0890	Paul Lewis	Arts	0	3.03	54.6	95209	24	Male	0	0
S0891	Sarah Jackson	Science	0	3.61	80	47877	19	Male	1	0
S0892	George Tom	Science	1	2.92	81.2	78001	23	Male	1	0
S0893	Mark Harris	Science	0	2.1	82.4	58084	25	Female	0	1
S0894	Michael Johnson	Arts	0	3.57	63.4	36806	29	Male	0	0
S0895	Nancy White	Arts	1	2.4	50.8	57034	24	Female	1	1
S0896	Laura Kamau	Arts	0	2.52	98.3	60317	24	Male	0	0
S0897	Laura Kamau	Science	0	2.33	62.5	75468	25	Male	1	0
S0898	Chris Lagat	Arts	0	2.66	83.8	39094	24	Female	1	0
S0899	Sarah Jackson	Arts	0	3.51	85.3	77796	22	Female	0	1
S0900	Emily Davis	Science	1	3.04	80.5	30589	24	Male	0	0
S0901	Juma Brian	Commerce	1	2.41	65.6	77221	27	Male	0	1
S0902	James Taylor	Science	1	3.76	63.6	21657	20	Male	1	1
S0903	James Taylor	Arts	0	3.76	79.9	59531	22	Female	1	1
S0904	Juma Brian	Science	0	3.74	93.3	72227	24	Female	0	0
S0905	Agnes Waweru	Commerce	1	2.48	97.3	23164	26	Male	1	1
S0906	Barbara Carnilar	Science	0	2.9	55.3	61247	19	Male	1	0
S0907	Juma Brian	Arts	0	3.97	57.7	39601	21	Female	1	1
S0908	Linda Atieno	Commerce	0	3.54	97.2	70599	29	Male	0	0
S0909	Nancy White	Arts	0	2.05	86.8	91545	24	Female	1	1
S0910	Mark Harris	Commerce	1	2.13	94.1	24552	18	Female	0	0
S0911	Michael Johnson	Commerce	1	2.93	60.1	29417	19	Female	0	0
S0912	Chris Lagat	Science	1	3.82	79.4	78579	26	Female	1	0
S0913	Michael Johnson	Science	0	3.08	85.1	88207	27	Female	0	1
S0914	Michael Johnson	Arts	1	3	84	92055	24	Female	1	1
S0915	Barbara Carnilar	Science	1	2.21	70.4	98270	29	Male	0	0
S0916	Agnes Waweru	Science	0	3.31	50.8	23722	27	Female	0	1
S0917	Emily Davis	Commerce	0	3.64	79.1	90442	24	Female	1	1
S0918	Hillary Sang	Science	1	2.76	62.7	60031	23	Male	0	1
S0919	Chris Lagat	Commerce	1	3.55	72.5	99235	20	Female	0	1
S0920	Susan Thomas	Commerce	1	3.93	97.9	41438	27	Male	0	1
S0921	Juma Brian	Commerce	1	2.41	70	78819	20	Female	1	1
S0922	Daniel Jackson	Arts	0	3.05	92	63856	19	Male	1	1
S0923	Emily Davis	Arts	1	2.57	59.4	53576	28	Male	0	0
S0924	Sarah Jackson	Arts	1	3.59	83.6	61938	23	Female	0	0
S0925	George Tom	Commerce	0	3.16	98.9	69028	21	Female	0	1
S0926	Michael Johnson	Arts	1	3.27	55.1	79807	22	Female	1	0
S0927	Michael Johnson	Arts	0	3.6	50.4	69877	20	Female	1	0
S0928	Daniel Jackson	Science	0	2.79	71.7	63461	23	Male	0	0
S0929	Susan Thomas	Arts	0	3.83	54.6	60469	28	Male	1	1
S0930	Hillary Sang	Arts	1	3.07	87.4	40435	29	Male	1	1
S0931	Agnes Waweru	Commerce	1	2.32	95.7	34191	20	Female	1	1
S0932	Chris Lagat	Commerce	0	3.39	71.7	47386	25	Male	1	1
S0933	Chris Lagat	Commerce	1	3.59	62.9	51721	26	Female	0	1
S0934	George Tom	Commerce	1	2.63	71.7	74786	21	Female	1	0
S0935	David Ombuna	Commerce	0	3.71	86.2	33704	26	Male	1	1
S0936	Agnes Waweru	Commerce	0	3.81	50.5	76635	29	Female	0	0
S0937	Patricia Ndei	Arts	1	2.55	79.5	22123	24	Male	0	1
S0938	Patricia Ndei	Commerce	0	3.97	80.7	82993	20	Female	1	0
S0939	Barbara Carnilar	Commerce	1	2.28	81.9	45416	24	Male	1	1
S0940	Daniel Jackson	Science	1	2.4	62.1	21814	18	Female	0	1
S0941	James Taylor	Arts	1	2.37	85.7	98537	20	Male	0	1
S0942	Robert Carlos	Arts	1	3.79	54.6	70258	23	Male	0	1
S0943	Patricia Ndei	Arts	0	3.31	60	36508	21	Female	1	1
S0944	David Ombuna	Commerce	0	2.3	93.9	98916	24	Female	1	1
S0945	Robert Carlos	Commerce	0	2.88	86.9	55699	20	Male	0	0
S0946	Paul Lewis	Commerce	0	3.23	50.7	66335	18	Female	1	1
S0947	Barbara Carnilar	Science	1	2.17	62.4	66806	26	Female	0	0
S0948	Michael Johnson	Commerce	1	3.76	60.7	97853	23	Female	1	1
S0949	Daniel Jackson	Science	0	3.61	63.5	83768	25	Male	0	0
S0950	Linda Atieno	Arts	1	3.01	62.4	55739	20	Male	0	0
S0951	Barbara Carnilar	Commerce	1	3.93	53.1	54785	25	Female	1	0
S0952	Patricia Ndei	Science	1	2.84	72.9	51980	19	Female	1	0
S0953	Juma Brian	Science	0	3.97	86.6	21609	29	Male	1	0
S0954	Emily Davis	Commerce	0	3.34	80.3	86253	21	Female	1	0
S0955	Linda Atieno	Arts	0	3.27	83.6	48141	20	Male	1	1
S0956	Agnes Waweru	Arts	1	2.33	54.1	50009	27	Female	1	0
S0957	Chris Lagat	Arts	0	3.76	97.6	26782	18	Female	0	1
S0958	Sarah Jackson	Science	0	2.85	91.9	45933	24	Female	1	1
S0959	Juma Brian	Science	0	2.32	90.3	97154	28	Male	0	0
S0960	Michael Johnson	Science	0	2.03	91.1	28307	27	Male	0	0
S0961	Emily Davis	Science	0	3.12	96.6	95874	19	Male	1	1
S0962	Laura Kamau	Arts	0	3.05	77.2	58346	21	Male	0	0
S0963	Linda Atieno	Commerce	1	3.44	60	70772	26	Female	0	0
S0964	Sarah Jackson	Science	1	3.78	80.8	92084	23	Female	1	0
S0965	James Taylor	Science	0	2.16	87.1	60149	25	Male	1	0
S0966	Linda Atieno	Arts	0	3.46	86.9	47526	19	Female	1	0
S0967	Chris Lagat	Commerce	1	2.37	76.1	88477	24	Female	0	0
S0968	James Taylor	Commerce	1	3.72	53.4	25695	23	Male	1	0
S0969	Laura Kamau	Arts	0	3.64	68.6	59169	26	Female	1	1
S0970	Hillary Sang	Arts	0	3.08	96	67947	24	Female	1	0
S0971	Paul Lewis	Commerce	0	3.42	79.2	67224	18	Male	1	1
S0972	Agnes Waweru	Science	0	2.63	76.9	65865	25	Female	0	1
S0973	James Taylor	Commerce	1	2.94	63.4	45553	28	Female	1	1
S0974	Paul Lewis	Arts	0	3.64	68.4	80410	27	Female	0	1
S0975	Susan Thomas	Science	0	2.92	94.8	44816	20	Male	1	0
S0976	George Tom	Science	0	2.72	83.3	75026	19	Male	0	1
S0977	Chris Lagat	Arts	0	2.99	89.4	70705	29	Female	0	1
S0978	Emily Davis	Arts	1	3.66	72.7	81922	20	Female	0	1
S0979	Barbara Carnilar	Arts	1	2.67	81.5	93914	28	Female	1	1
S0980	Laura Kamau	Commerce	1	2.35	62.4	21881	23	Male	0	1
S0981	Emily Davis	Commerce	0	3.42	85.3	59567	20	Male	1	0
S0982	Barbara Carnilar	Science	0	3.65	71.4	67365	27	Male	1	0
S0983	Barbara Carnilar	Arts	1	2.2	72.1	99211	22	Female	1	1
S0984	James Taylor	Science	0	2.48	82.5	90122	23	Female	1	0
S0985	Michael Johnson	Science	0	2.28	96.8	45006	25	Female	1	0
S0986	Agnes Waweru	Science	1	2.7	53.2	61198	24	Female	0	1
S0987	Daniel Jackson	Science	1	2.9	91.2	42831	28	Female	1	1
S0988	George Tom	Arts	1	3.5	64.6	36459	25	Male	0	1
S0989	Emily Davis	Science	1	3.3	72.2	52443	20	Female	0	0
S0990	Sarah Jackson	Arts	0	3.24	51.1	62316	21	Female	0	1
S0991	David Ombuna	Arts	0	2.7	65.1	84486	23	Female	0	0
S0992	David Ombuna	Commerce	1	3.68	75.1	25877	28	Male	0	0
S0993	Robert Carlos	Arts	0	2.94	52.8	59553	24	Female	0	0
S0994	Juma Brian	Commerce	1	3.96	74.6	24922	26	Male	0	1
S0995	Laura Kamau	Arts	1	3.27	96.4	24686	18	Male	1	0
S0996	James Taylor	Arts	0	2.25	55.3	52766	25	Male	0	1
S0997	Nancy White	Arts	1	3.35	88.2	99943	25	Male	1	1
S0998	Barbara Carnilar	Commerce	0	2.65	70.5	52006	23	Male	0	1
S0999	Sarah Jackson	Commerce	0	3.37	82.8	51422	21	Female	0	1
S1000	Linda Atieno	Science	0	2.14	63	32205	20	Female	0	1

